{"weights": [[[-1.586310342179801, -1.5293286043922318], [-2.761573895199197, -2.825545223433322], [-3.3371509386388536, -3.384296604385228], [2.3158931590258036, 1.9811157332299016], [-0.5329892370635263, -0.49453767234937107], [2.841720873244175, 2.7360175411622905], [-2.303692551927602, -2.4778878338456427], [2.946439384431504, 2.9704170698751855]], [[-0.7347043103455468, -1.7390612015247715, -2.026500710056822, 1.1243966033024617, -0.2855842610384026, 1.627528614552627, -1.3613015228268095, 1.6462650137274752]]], "biases": [[[-0.003499219791793908], [0.8507020335899315], [1.229945183659518], [-0.3757142528128712], [-0.4638690296564563], [-0.8519961794604407], [0.5625517112485342], [-0.9761303290320211]], [[0.034981307922698816]]]}