{"weights": [[[-2.0972767224113693, -0.04633183060900704], [-1.6219837672250823, -2.33094569570481], [2.1915460650322256, 2.076928120519932], [-2.8771926858494923, -2.6550757761681347], [-1.9546678437314091, -2.0430510198876335], [0.9258558469315414, 0.8238664003634774], [2.1329740371716985, 1.551429245360777], [-0.3188053595497508, -2.4256632454362443]], [[-0.7094425751305211, -1.576011846577567, 2.0107515461172993, -2.35823098568421, -1.4764734747605348, 0.815816728298889, 1.7706782037507578, -0.9995423740125942]]], "biases": [[[0.8332941624677052], [2.758215232982718], [-3.036915873263148], [4.015904890072551], [2.8239510597836306], [-0.9330555828475771], [-2.5502834025809293], [1.356695038985388]], [[0.3421215129026814]]]}